hxb2_codon_start	env_codon_index	n_total_nonref	n_used	H_codon_bits	H_aa_bits	H_syn_bits	H_syn_max_bits	SLD	n_unique_codons	n_unique_aas
7431	403	10732	3930	4.945935	3.798961	1.146974	1.478421	0.775810	61	21
7434	404	10732	6551	4.802778	3.604083	1.198696	1.571262	0.762887	60	20
7437	405	10732	8279	4.800262	3.581419	1.218842	1.594171	0.764562	63	21
7440	406	10732	9235	4.438218	3.221111	1.217107	1.543054	0.788765	62	21
7443	407	10732	9757	4.802343	3.458475	1.343868	1.618966	0.830078	64	21
7446	408	10732	10142	4.567394	3.226907	1.340487	1.669452	0.802950	62	21
7449	409	10732	10508	4.607953	3.344919	1.263033	1.552450	0.813574	62	21
7452	410	10732	10569	4.774661	3.452483	1.322178	1.744791	0.757786	62	21
7455	411	10732	10577	3.143089	2.252973	0.890115	1.327420	0.670560	60	21
7458	412	10732	10572	4.372590	3.117608	1.254983	1.620027	0.774668	61	21
7461	413	10732	10640	3.392774	2.048384	1.344390	1.681866	0.799344	56	20
7464	414	10732	10701	1.564805	0.565726	0.999079	1.610874	0.620209	47	19
7467	415	10732	10645	2.282345	1.191219	1.091127	1.890843	0.577058	48	18
7470	416	10732	10695	1.760843	0.687103	1.073739	2.420851	0.443538	25	12
7473	417	10732	10689	1.606031	1.121741	0.484291	1.833369	0.264153	42	17
7476	418	10732	10709	0.699122	0.033015	0.666107	1.002477	0.664461	15	10
7479	419	10732	10673	1.549935	0.766477	0.783458	2.312375	0.338811	28	15
7482	420	10732	10712	0.218699	0.133371	0.085328	1.597359	0.053418	17	9
7485	421	10732	10694	1.338035	0.422455	0.915580	1.115809	0.820553	20	12
7488	422	10732	10709	0.371643	0.060485	0.311158	1.006091	0.309274	15	9
7491	423	10732	10696	0.899725	0.560736	0.338989	1.569611	0.215970	25	12
7494	424	10732	10695	1.020816	0.824369	0.196447	1.682755	0.116741	21	12
7497	425	10732	10694	1.411377	0.567891	0.843486	1.128968	0.747130	28	12
7500	426	10732	10708	1.111056	0.952751	0.158305	0.411956	0.384277	29	15
7503	427	10732	10721	0.072285	0.067502	0.004783	0.011469	0.417021	20	12
7506	428	10732	10709	0.650108	0.152631	0.497477	1.002974	0.496002	25	14
7509	429	10732	10695	2.875942	2.046476	0.829465	1.575592	0.526447	29	12
7512	430	10732	10709	1.128019	0.674974	0.453045	1.995267	0.227060	27	13
7515	431	10732	10715	0.585685	0.125853	0.459832	1.994825	0.230513	25	13
7518	432	10732	10706	2.137906	1.711812	0.426095	1.463851	0.291078	31	18
7521	433	10732	10722	0.363839	0.155279	0.208560	2.001014	0.104227	17	9
7524	434	10732	10712	0.694056	0.630443	0.063612	0.193739	0.328341	31	15
7527	435	10732	10715	0.224701	0.068511	0.156190	1.002958	0.155730	17	12
7530	436	10732	10719	1.025809	0.185112	0.840697	1.991996	0.422037	28	13
7533	437	10732	10721	0.554759	0.334973	0.219787	1.998190	0.109993	21	10
7536	438	10732	10715	0.584462	0.045532	0.538931	2.000072	0.269456	17	10
7539	439	10732	10697	1.382452	0.305272	1.077180	1.603419	0.671802	32	14
7542	440	10732	10663	3.362862	2.769402	0.593460	1.910981	0.310553	47	17
7545	441	10732	10710	0.389987	0.049920	0.340068	1.999482	0.170078	14	8
7548	442	10732	10668	3.888805	3.251628	0.637178	1.439006	0.442790	56	20
7551	443	10732	10719	1.477215	0.255586	1.221629	1.612073	0.757800	25	12
7554	444	10732	10671	3.465117	2.561015	0.904102	1.851005	0.488438	50	20
7557	445	10732	10713	0.435785	0.039110	0.396674	1.002959	0.395504	20	11
7560	446	10732	10675	3.696738	3.103837	0.592901	1.875562	0.316119	57	20
7563	447	10732	10715	0.265187	0.042873	0.222314	2.582437	0.086087	18	10
7566	448	10732	10697	1.643678	0.820241	0.823437	1.103786	0.746011	42	18
7569	449	10732	10714	1.009234	0.056408	0.952826	1.585889	0.600815	16	8
7572	450	10732	10714	0.358684	0.041972	0.316712	2.000921	0.158283	13	8
7575	451	10732	10714	1.218138	0.033127	1.185012	1.999963	0.592517	17	9
7578	452	10732	10696	2.232464	0.911636	1.320828	2.333659	0.565990	22	10
7581	453	10732	10695	1.769038	0.708890	1.060148	2.420468	0.437993	25	12
7584	454	10732	10706	1.565221	0.122022	1.443199	2.571632	0.561200	20	10
7587	455	10732	10697	1.328732	1.068081	0.260652	1.973594	0.132070	37	16
7590	456	10732	10693	1.549597	0.338142	1.211454	2.541268	0.476712	41	19
7593	457	10732	10703	0.190997	0.078130	0.112867	1.004495	0.112362	15	11
7596	458	10732	10707	1.510273	0.233663	1.276610	1.991022	0.641183	44	19
7599	459	10732	10540	2.068358	0.431816	1.636542	1.985146	0.824394	44	19
7602	460	10732	10334	4.343142	3.098126	1.245016	1.476513	0.843213	59	20
7605	461	10732	10558	3.987206	2.660615	1.326591	1.561796	0.849401	60	20
7608	462	10732	10579	3.735515	2.536673	1.198841	1.533380	0.781829	60	20
7611	463	10732	2	NA	NA	NA	NA	NA	0	0
7614	464	10732	10566	4.628336	3.213886	1.414450	1.614920	0.875864	61	20
7617	465	10732	10612	3.549448	2.195980	1.353469	1.617075	0.836986	57	20
7620	466	10732	10705	1.057525	0.348359	0.709166	1.016275	0.697809	45	18
7623	467	10732	10678	2.382486	1.199734	1.182752	1.866626	0.633631	36	17
7626	468	10732	10716	0.588333	0.153310	0.435023	1.018712	0.427032	21	9
7629	469	10732	10714	0.600755	0.090762	0.509993	2.577175	0.197888	24	13
7632	470	10732	10720	0.599901	0.044626	0.555275	2.000891	0.277514	19	10
