hxb2_codon_start	env_codon_pos	hxb2_codon	hxb2_aa	n_total_seqs	n_used	match_count	match_fraction	change_fraction	aa_entropy
7431	403	GAA	E	10733	3931	323	0.082167	0.917833	3.798912
7434	404	GGG	G	10733	6552	551	0.084096	0.915904	3.604078
7437	405	TCA	S	10733	8280	1287	0.155435	0.844565	3.581311
7440	406	AAT	N	10733	9236	2808	0.304028	0.695972	3.220948
7443	407	AAC	N	10733	9758	1956	0.200451	0.799549	3.458359
7446	408	ACT	T	10733	10143	2820	0.278024	0.721976	3.226771
7449	409	GAA	E	10733	10509	1427	0.135788	0.864212	3.344875
7452	410	GGA	G	10733	10570	1218	0.115232	0.884768	3.452451
7455	411	AGT	S	10733	10578	1020	0.096427	0.903573	2.253079
7458	412	GAC	D	10733	10573	2403	0.227277	0.772723	3.117515
7461	413	ACA	T	10733	10641	5821	0.547035	0.452965	2.048273
7464	414	ATC	I	10733	10702	9955	0.930200	0.069800	0.565683
7467	415	ACC	T	10733	10646	7876	0.739808	0.260192	1.191148
7470	416	CTC	L	10733	10696	8958	0.837509	0.162491	0.687063
7473	417	CCA	P	10733	10690	8348	0.780917	0.219083	1.121669
7476	418	TGC	C	10733	10710	10682	0.997386	0.002614	0.033012
7479	419	AGA	R	10733	10674	8793	0.823777	0.176223	0.766431
7482	420	ATA	I	10733	10713	10549	0.984691	0.015309	0.133360
7485	421	AAA	K	10733	10695	9879	0.923703	0.076297	0.422426
7488	422	CAA	Q	10733	10710	10653	0.994678	0.005322	0.060480
7491	423	ATT	I	10733	10697	9763	0.912686	0.087314	0.560696
7494	424	ATA	I	10733	10696	8162	0.763089	0.236911	0.824328
7497	425	AAC	N	10733	10695	9658	0.903039	0.096961	0.567852
7500	426	ATG	M	10733	10709	8932	0.834065	0.165935	0.952686
7503	427	TGG	W	10733	10722	10659	0.994124	0.005876	0.067496
7506	428	CAG	Q	10733	10710	10550	0.985061	0.014939	0.152619
7509	429	AAA	K	10733	10696	765	0.071522	0.928478	2.046641
7512	430	GTA	V	10733	10710	9612	0.897479	0.102521	0.674926
7515	431	GGA	G	10733	10716	10581	0.987402	0.012598	0.125842
7518	432	AAA	K	10733	10707	4004	0.373961	0.626039	1.711784
7521	433	GCA	A	10733	10723	10539	0.982841	0.017159	0.155266
7524	434	ATG	M	10733	10713	9487	0.885560	0.114440	0.630401
7527	435	TAT	Y	10733	10716	10652	0.994028	0.005972	0.068505
7530	436	GCC	A	10733	10720	10504	0.979851	0.020149	0.185098
7533	437	CCT	P	10733	10722	10247	0.955699	0.044301	0.334948
7536	438	CCC	P	10733	10716	10676	0.996267	0.003733	0.045528
7539	439	ATC	I	10733	10698	10274	0.960366	0.039634	0.305249
7542	440	AGT	S	10733	10664	1702	0.159602	0.840398	2.769391
7545	441	GGA	G	10733	10711	10664	0.995612	0.004388	0.049915
7548	442	CAA	Q	10733	10669	2111	0.197863	0.802137	3.251542
7551	443	ATT	I	10733	10720	10360	0.966418	0.033582	0.255567
7554	444	AGA	R	10733	10672	2719	0.254779	0.745221	2.560960
7557	445	TGT	C	10733	10714	10681	0.996920	0.003080	0.039107
7560	446	TCA	S	10733	10676	3169	0.296834	0.703166	3.103710
7563	447	TCA	S	10733	10716	10676	0.996267	0.003733	0.042870
7566	448	AAT	N	10733	10698	9456	0.883904	0.116096	0.820181
7569	449	ATT	I	10733	10715	10661	0.994960	0.005040	0.056403
7572	450	ACA	T	10733	10715	10676	0.996360	0.003640	0.041968
7575	451	GGG	G	10733	10715	10687	0.997387	0.002613	0.033124
7578	452	CTG	L	10733	10697	8304	0.776292	0.223708	0.911585
7581	453	CTA	L	10733	10696	9007	0.842091	0.157909	0.708847
7584	454	TTA	L	10733	10707	10569	0.987111	0.012889	0.122012
7587	455	ACA	T	10733	10698	8695	0.812769	0.187231	1.068009
7590	456	AGA	R	10733	10694	10320	0.965027	0.034973	0.338116
7593	457	GAT	D	10733	10704	10631	0.993180	0.006820	0.078124
7596	458	GGT	G	10733	10708	10474	0.978147	0.021853	0.233644
7599	459	GGT	G	10733	10541	10025	0.951048	0.048952	0.431782
7602	460	AAT	N	10733	10335	3397	0.328689	0.671311	3.097982
7605	461	AGC	S	10733	10559	1607	0.152192	0.847808	2.660620
7608	462	AAC	N	10733	10580	5016	0.474102	0.525898	2.536535
7611	463	AAT	N	10733	3	1	0.333333	0.666667	1.584963
7614	464	GAG	E	10733	10567	1072	0.101448	0.898552	3.213894
7617	465	TCC	S	10733	10613	753	0.070951	0.929049	2.196132
7620	466	GAG	E	10733	10706	10309	0.962918	0.037082	0.348332
7623	467	ATC	I	10733	10679	3304	0.309392	0.690608	1.199780
7626	468	TTC	F	10733	10717	10541	0.983577	0.016423	0.153298
7629	469	AGA	R	10733	10715	10630	0.992067	0.007933	0.090754
7632	470	CCT	P	10733	10721	10680	0.996176	0.003824	0.044623
