aln_col_1based	hxb2_coord	hxb2_base	n_total_seqs	n_used	match_count	match_fraction	entropy_acgt	count_A	count_C	count_G	count_T	count_N	count_gap
1	7761	G	10733	10715	9253	0.863556	0.655436	1217	74	9253	116	18	55
2	7762	T	10733	10726	9990	0.931382	0.359561	2	661	23	9990	7	50
3	7763	G	10733	10707	6605	0.616886	1.416542	2265	190	6605	1597	26	50
4	NA	-	10733	10733	10720	0.998789	1.738149	1	4	6	2	0	10720
5	NA	-	10733	10733	10720	0.998789	0.000000	0	0	0	13	0	10720
6	NA	-	10733	10733	10720	0.998789	1.314320	6	0	6	1	0	10720
7	NA	-	10733	10733	10377	0.966831	1.213132	47	12	261	36	0	10377
8	NA	-	10733	10733	10377	0.966831	0.866895	1	16	50	289	0	10377
9	NA	-	10733	10732	10376	0.966828	1.334303	17	6	168	165	1	10376
10	7764	G	10733	10730	9682	0.902330	0.321135	558	14	9682	1	3	475
11	7765	G	10733	10726	9651	0.899776	0.339653	18	576	9651	8	7	473
12	7766	A	10733	10724	9732	0.907497	0.359763	9732	164	290	67	9	471
13	NA	-	10733	10729	9572	0.892161	0.854641	903	12	236	6	4	9572
14	NA	-	10733	10731	9572	0.891995	0.879000	1	897	24	237	2	9572
15	NA	-	10733	10731	9572	0.891995	1.109957	615	6	526	12	2	9572
16	NA	-	10733	10733	10731	0.999814	1.000000	0	1	1	0	0	10731
17	NA	-	10733	10733	10731	0.999814	0.000000	0	0	0	2	0	10731
18	NA	-	10733	10733	10731	0.999814	1.000000	1	0	1	0	0	10731
19	NA	-	10733	10733	10732	0.999907	0.000000	0	0	1	0	0	10732
20	NA	-	10733	10733	10732	0.999907	0.000000	0	0	1	0	0	10732
21	NA	-	10733	10733	10732	0.999907	0.000000	1	0	0	0	0	10732
22	NA	-	10733	10733	10729	0.999627	0.811278	1	0	3	0	0	10729
23	NA	-	10733	10733	10729	0.999627	1.000000	0	2	2	0	0	10729
24	NA	-	10733	10733	10729	0.999627	1.500000	2	0	1	1	0	10729
25	NA	-	10733	10733	10731	0.999814	1.000000	1	0	1	0	0	10731
26	NA	-	10733	10733	10732	0.999907	0.000000	1	0	0	0	0	10732
27	NA	-	10733	10733	10732	0.999907	0.000000	0	0	0	1	0	10732
28	7767	A	10733	10714	6156	0.574575	1.339334	6156	3611	142	752	19	53
29	7768	T	10733	10730	10655	0.993010	0.025311	7	12	4	10655	3	52
30	7769	A	10733	10715	8014	0.747923	0.965236	8014	129	2343	177	18	52
31	NA	-	10733	10733	10731	0.999814	1.000000	1	0	1	0	0	10731
32	NA	-	10733	10733	10731	0.999814	1.000000	0	0	1	1	0	10731
33	NA	-	10733	10733	10730	0.999720	0.918296	0	1	2	0	0	10730
34	7770	G	10733	10729	10696	0.996924	0.023325	17	2	10696	3	4	11
35	7771	G	10733	10731	10625	0.990122	0.080739	9	78	10625	8	2	11
36	7772	A	10733	10730	10653	0.992824	0.060905	10653	3	44	19	3	11
37	NA	-	10733	10733	10726	0.999348	0.000000	0	0	7	0	0	10726
38	NA	-	10733	10733	10726	0.999348	0.000000	0	7	0	0	0	10726
39	NA	-	10733	10733	10726	0.999348	0.000000	0	0	0	7	0	10726
40	NA	-	10733	10733	10733	1.000000	NA	0	0	0	0	0	10733
41	NA	-	10733	10733	10733	1.000000	NA	0	0	0	0	0	10733
42	NA	-	10733	10733	10732	0.999907	0.000000	1	0	0	0	0	10732
43	7773	G	10733	10725	10518	0.980699	0.141806	178	16	10518	3	8	10
44	7774	C	10733	10723	10469	0.976313	0.159504	0	10469	4	240	10	10
45	7775	T	10733	10724	10068	0.938829	0.415703	91	265	290	10068	9	10
46	NA	-	10733	10733	10728	0.999534	0.970951	0	0	3	2	0	10728
47	NA	-	10733	10733	10728	0.999534	0.000000	0	0	0	5	0	10728
48	NA	-	10733	10733	10728	0.999534	0.970951	0	0	2	3	0	10728
49	7776	T	10733	10708	1422	0.132798	1.676052	3816	630	4830	1422	25	10
50	7777	T	10733	10728	10331	0.962994	0.229822	0	380	8	10331	5	9
51	7778	G	10733	10722	8471	0.790058	1.028004	532	1325	8471	384	11	10
52	NA	-	10733	10733	10730	0.999720	0.000000	0	0	0	3	0	10730
53	NA	-	10733	10733	10730	0.999720	0.000000	0	0	0	3	0	10730
54	NA	-	10733	10733	10730	0.999720	0.918296	0	1	2	0	0	10730
55	7779	T	10733	10723	8151	0.760142	1.034240	1640	902	23	8151	10	7
56	7780	T	10733	10733	10721	0.998882	0.007550	1	4	1	10721	0	6
57	7781	C	10733	10730	10637	0.991333	0.074394	12	10637	3	72	3	6
58	7782	C	10733	10724	8203	0.764920	0.983276	510	8203	40	1966	9	5
59	7783	T	10733	10733	10722	0.998975	0.007549	1	4	1	10722	0	5
60	7784	T	10733	10729	10482	0.976978	0.185779	24	100	117	10482	4	6
61	7785	G	10733	10730	10701	0.997297	0.024683	20	1	10701	3	3	5
62	7786	G	10733	10730	10705	0.997670	0.020994	2	12	10705	5	3	6
63	7787	G	10733	10722	10461	0.975658	0.188325	148	5	10461	102	11	6
64	NA	-	10733	10733	10732	0.999907	0.000000	0	0	0	1	0	10732
65	NA	-	10733	10733	10732	0.999907	0.000000	0	0	0	1	0	10732
66	NA	-	10733	10733	10731	0.999814	1.000000	0	0	1	1	0	10731
67	7788	T	10733	10729	10533	0.981732	0.152626	68	24	97	10533	4	7
68	7789	T	10733	10733	10720	0.998789	0.008409	0	5	2	10720	0	6
69	7790	C	10733	10731	10542	0.982387	0.133776	10	10542	7	166	2	6
70	7791	T	10733	10726	10473	0.976412	0.163348	7	239	1	10473	7	6
71	7792	T	10733	10732	10723	0.999161	0.003705	0	3	0	10723	1	6
72	7793	G	10733	10709	7400	0.691008	0.906623	3285	0	7400	18	24	6
73	NA	-	10733	10733	10733	1.000000	NA	0	0	0	0	0	10733
74	NA	-	10733	10733	10733	1.000000	NA	0	0	0	0	0	10733
75	NA	-	10733	10733	10732	0.999907	0.000000	0	0	1	0	0	10732
76	7794	G	10733	10732	10426	0.971487	0.207509	225	1	10426	74	1	6
77	7795	G	10733	10732	10593	0.987048	0.099030	3	129	10593	1	1	6
78	7796	A	10733	10729	10327	0.962531	0.282640	10327	95	95	206	4	6
79	NA	-	10733	10733	10732	0.999907	0.000000	1	0	0	0	0	10732
80	NA	-	10733	10733	10730	0.999720	0.918296	2	1	0	0	0	10730
81	NA	-	10733	10733	10731	0.999814	1.000000	1	0	1	0	0	10731
82	7797	G	10733	10719	9972	0.930311	0.388098	695	12	9972	32	14	8
83	7798	C	10733	10729	10288	0.958896	0.247909	2	10288	2	430	4	7
84	7799	A	10733	10728	10415	0.970824	0.224840	10415	30	172	104	5	7
85	7800	G	10733	10731	10708	0.997857	0.018577	10	7	10708	0	2	6
86	7801	C	10733	10733	10720	0.998789	0.006541	2	10720	2	1	0	8
87	7802	A	10733	10725	10079	0.939767	0.393593	10079	438	50	149	8	9
88	NA	-	10733	10733	10732	0.999907	0.000000	0	0	1	0	0	10732
89	NA	-	10733	10733	10732	0.999907	0.000000	0	1	0	0	0	10732
90	NA	-	10733	10733	10732	0.999907	0.000000	1	0	0	0	0	10732
91	7803	G	10733	10729	10713	0.998509	0.012115	10	0	10713	1	4	5
92	7804	G	10733	10732	10721	0.998975	0.007363	4	2	10721	0	1	5
93	7805	A	10733	10731	10530	0.981269	0.155273	10530	15	106	75	2	5
94	7806	A	10733	10733	10718	0.998602	0.010728	10718	0	10	0	0	5
95	7807	G	10733	10733	10717	0.998509	0.013002	2	7	10717	2	0	5
96	7808	C	10733	10731	10582	0.986115	0.104374	1	10582	2	140	2	6
97	NA	-	10733	10733	10732	0.999907	0.000000	1	0	0	0	0	10732
98	NA	-	10733	10733	10732	0.999907	0.000000	0	1	0	0	0	10732
99	NA	-	10733	10733	10732	0.999907	0.000000	0	0	0	1	0	10732
100	NA	-	10733	10733	10732	0.999907	0.000000	1	0	0	0	0	10732
101	NA	-	10733	10733	10732	0.999907	0.000000	1	0	0	0	0	10732
102	NA	-	10733	10733	10732	0.999907	0.000000	0	0	1	0	0	10732
103	NA	-	10733	10733	10732	0.999907	0.000000	0	1	0	0	0	10732
104	NA	-	10733	10733	10733	1.000000	NA	0	0	0	0	0	10733
105	NA	-	10733	10733	10733	1.000000	NA	0	0	0	0	0	10733
106	7809	A	10733	10731	10679	0.995154	0.043190	10679	3	39	4	2	6
107	7810	C	10733	10730	10703	0.997484	0.022801	5	10703	2	14	3	6
108	7811	T	10733	10731	10249	0.955083	0.306930	102	23	351	10249	2	6
109	7812	A	10733	10732	10724	0.999255	0.006166	10724	1	0	4	1	3
110	7813	T	10733	10731	10724	0.999348	0.005157	0	2	2	10724	2	3
111	7814	G	10733	10729	10710	0.998229	0.015772	14	1	10710	0	4	4
112	NA	-	10733	10733	10733	1.000000	NA	0	0	0	0	0	10733
113	NA	-	10733	10733	10732	0.999907	0.000000	0	0	1	0	0	10732
114	NA	-	10733	10733	10733	1.000000	NA	0	0	0	0	0	10733
115	7815	G	10733	10731	10721	0.999068	0.010609	7	1	10721	1	2	1
116	7816	G	10733	10732	10723	0.999161	0.009612	1	6	10723	1	1	1
117	7817	C	10733	10732	10721	0.998975	0.011933	1	10721	6	3	1	1
118	NA	-	10733	10733	10732	0.999907	0.000000	0	0	0	1	0	10732
119	NA	-	10733	10733	10732	0.999907	0.000000	0	0	1	0	0	10732
120	NA	-	10733	10733	10732	0.999907	0.000000	0	1	0	0	0	10732
121	7818	G	10733	10731	10707	0.997763	0.023192	12	5	10707	4	2	3
122	7819	C	10733	10733	10693	0.996273	0.034877	0	10693	4	33	0	3
123	7820	A	10733	10718	6423	0.599272	0.978832	6423	5	4285	2	15	3
124	7821	G	10733	10733	10688	0.995807	0.041564	31	11	10688	1	0	2
125	7822	C	10733	10732	10646	0.991987	0.072924	2	10646	17	65	1	2
126	7823	C	10733	10723	11	0.001026	0.446571	918	11	9779	13	10	2
127	7824	T	10733	10731	10374	0.966732	0.216373	2	7	347	10374	2	1
128	7825	C	10733	10733	10726	0.999348	0.007210	0	10726	5	1	0	1
129	7826	A	10733	10727	10169	0.947982	0.354432	10169	104	393	60	6	1
130	NA	-	10733	10733	10732	0.999907	0.000000	1	0	0	0	0	10732
131	NA	-	10733	10733	10732	0.999907	0.000000	0	0	0	1	0	10732
132	NA	-	10733	10733	10732	0.999907	0.000000	1	0	0	0	0	10732
133	NA	-	10733	10733	10732	0.999907	0.000000	0	0	0	1	0	10732
134	NA	-	10733	10733	10732	0.999907	0.000000	1	0	0	0	0	10732
135	NA	-	10733	10733	10732	0.999907	0.000000	0	1	0	0	0	10732
136	NA	-	10733	10733	10732	0.999907	0.000000	0	0	1	0	0	10732
137	NA	-	10733	10733	10732	0.999907	0.000000	0	1	0	0	0	10732
138	NA	-	10733	10733	10732	0.999907	0.000000	0	0	0	1	0	10732
139	7827	A	10733	10704	7499	0.700579	1.307448	7499	1256	1523	425	29	1
140	7828	T	10733	10731	10613	0.989004	0.088089	2	115	0	10613	2	1
141	7829	G	10733	10715	3853	0.359589	1.003006	6783	71	3853	7	18	1
142	7830	A	10733	10726	9989	0.931288	0.375226	9989	1	711	23	7	2
143	7831	C	10733	10732	10625	0.990030	0.082461	0	10625	6	99	1	2
144	7832	G	10733	10733	10663	0.993478	0.057294	65	2	10663	1	0	2
145	7833	C	10733	10731	10562	0.984251	0.119784	3	10562	2	163	2	1
146	7834	T	10733	10731	10724	0.999348	0.007407	0	3	3	10724	2	1
147	7835	G	10733	10733	10722	0.998975	0.011162	9	0	10722	1	0	1
148	7836	A	10733	10732	10685	0.995621	0.043369	10685	1	37	8	1	1
149	7837	C	10733	10733	10722	0.998975	0.010725	0	10722	0	10	0	1
150	7838	G	10733	10732	10722	0.999068	0.010608	7	1	10722	1	1	1
151	7839	G	10733	10733	10721	0.998882	0.012928	7	1	10721	3	0	1
152	7840	T	10733	10729	10245	0.954889	0.285922	9	444	30	10245	4	1
153	7841	A	10733	10733	10725	0.999255	0.008742	10725	1	4	2	0	1
154	7842	C	10733	10732	10729	0.999720	0.002764	0	10729	1	1	1	1
155	7843	A	10733	10728	10689	0.996365	0.036034	10689	2	34	2	5	1
156	7844	G	10733	10717	9757	0.910423	0.474149	889	20	9757	50	16	1
157	7845	G	10733	10730	10514	0.979870	0.147517	206	4	10514	5	3	1
158	7846	C	10733	10728	10435	0.972688	0.185795	6	10435	2	284	5	1
159	7847	C	10733	10733	10596	0.987236	0.101246	4	10596	1	131	0	1
160	NA	-	10733	10733	10730	0.999720	0.000000	0	3	0	0	0	10730
161	NA	-	10733	10733	10731	0.999814	0.000000	2	0	0	0	0	10731
162	NA	-	10733	10733	10731	0.999814	0.000000	0	0	2	0	0	10731
163	7848	A	10733	10731	10603	0.988072	0.097933	10603	118	5	4	2	1
164	7849	G	10733	10731	10578	0.985742	0.112716	143	4	10578	5	2	1
165	7850	A	10733	10719	10066	0.939080	0.362174	10066	69	581	2	14	1
166	NA	-	10733	10733	10730	0.999720	0.918296	2	1	0	0	0	10730
167	NA	-	10733	10733	10730	0.999720	0.918296	2	0	0	1	0	10730
168	NA	-	10733	10733	10730	0.999720	0.918296	1	0	0	2	0	10730
169	7851	C	10733	10733	10424	0.971210	0.211714	255	10424	23	30	0	1
170	7852	A	10733	10729	9468	0.882468	0.605863	9468	114	62	1084	4	1
171	7853	A	10733	10728	10012	0.933259	0.427373	10012	61	512	142	5	1
172	NA	-	10733	10733	10730	0.999720	0.918296	1	0	0	2	0	10730
173	NA	-	10733	10733	10731	0.999814	0.000000	0	0	2	0	0	10731
174	NA	-	10733	10733	10731	0.999814	1.000000	0	0	1	1	0	10731
175	7854	T	10733	10730	9474	0.882945	0.616245	18	991	246	9474	3	1
176	7855	T	10733	10733	10723	0.999068	0.010807	1	6	2	10723	0	1
177	7856	A	10733	10724	7978	0.743939	0.826006	7978	3	2740	2	9	1
178	7857	T	10733	10724	9243	0.861899	0.657149	180	1295	5	9243	9	1
179	7858	T	10733	10733	10730	0.999720	0.002578	0	0	2	10730	0	1
180	7859	G	10733	10729	10546	0.982943	0.127953	176	1	10546	5	4	1
181	NA	-	10733	10733	10731	0.999814	1.000000	1	1	0	0	0	10731
182	NA	-	10733	10733	10731	0.999814	1.000000	0	1	0	1	0	10731
183	NA	-	10733	10733	10730	0.999720	0.918296	2	0	0	1	0	10730
184	7860	T	10733	10729	10455	0.974462	0.194687	204	9	59	10455	4	2
185	7861	C	10733	10732	10573	0.985184	0.127552	90	10573	7	60	1	2
186	7862	T	10733	10732	10379	0.967108	0.250756	27	170	154	10379	1	2
